{
	"credit": "Made with Blockbench",
	"textures": {
		"0": "item/food_plate",
		"1": "item/food_pancake",
		"particle": "item/food_plate"
	},
	"elements": [
		{
			"from": [5, 0, 5],
			"to": [11, 0.5, 11],
			"rotation": {"angle": 0, "axis": "y", "origin": [8, 0.25, 8]},
			"faces": {
				"north": {"uv": [0, 0, 1, 1], "texture": "#0"},
				"east": {"uv": [0, 0, 1, 1], "texture": "#0"},
				"south": {"uv": [0, 0, 1, 1], "texture": "#0"},
				"west": {"uv": [0, 0, 1, 1], "texture": "#0"},
				"up": {"uv": [10, 10, 16, 16], "texture": "#0"},
				"down": {"uv": [10, 10, 16, 16], "texture": "#0"}
			}
		},
		{
			"from": [3, 0.5, 3],
			"to": [13, 1, 13],
			"rotation": {"angle": 0, "axis": "y", "origin": [8, 0.5, 8]},
			"faces": {
				"north": {"uv": [0, 0, 1, 1], "texture": "#0"},
				"east": {"uv": [0, 0, 1, 1], "texture": "#0"},
				"south": {"uv": [0, 0, 1, 1], "texture": "#0"},
				"west": {"uv": [0, 0, 1, 1], "texture": "#0"},
				"up": {"uv": [0, 0, 10, 10], "texture": "#0"},
				"down": {"uv": [0, 0, 10, 10], "texture": "#0"}
			}
		},
		{
			"from": [5.75, 1, 5.75],
			"to": [10.75, 2, 10.75],
			"rotation": {"angle": 0, "axis": "x", "origin": [13.75, 9, 13.75]},
			"faces": {
				"north": {"uv": [5, 2, 15, 4], "texture": "#1"},
				"east": {"uv": [5, 0, 15, 2], "texture": "#1"},
				"south": {"uv": [5, 2, 15, 4], "texture": "#1"},
				"west": {"uv": [5, 4, 15, 6], "texture": "#1"},
				"up": {"uv": [0, 0, 5, 5], "texture": "#1"},
				"down": {"uv": [0, 0, 5, 5], "texture": "#1"}
			}
		},
		{
			"from": [5.25, 2, 6],
			"to": [10.25, 3, 11],
			"rotation": {"angle": 0, "axis": "x", "origin": [13.25, 10, 14]},
			"faces": {
				"north": {"uv": [5, 2, 15, 4], "texture": "#1"},
				"east": {"uv": [5, 0, 15, 2], "texture": "#1"},
				"south": {"uv": [5, 0, 15, 2], "texture": "#1"},
				"west": {"uv": [5, 2, 15, 4], "texture": "#1"},
				"up": {"uv": [0, 0, 5, 5], "texture": "#1"},
				"down": {"uv": [0, 0, 5, 5], "texture": "#1"}
			}
		},
		{
			"from": [5.75, 3, 5.75],
			"to": [10.75, 4, 10.75],
			"rotation": {"angle": 0, "axis": "x", "origin": [8.25, 3.5, 8.25]},
			"faces": {
				"north": {"uv": [5, 2, 15, 4], "texture": "#1"},
				"east": {"uv": [5, 4, 15, 6], "texture": "#1"},
				"south": {"uv": [5, 0, 15, 2], "texture": "#1"},
				"west": {"uv": [5, 4, 15, 6], "texture": "#1"},
				"up": {"uv": [0, 0, 5, 5], "texture": "#1"},
				"down": {"uv": [0, 0, 5, 5], "texture": "#1"}
			}
		},
		{
			"from": [7.5, 4, 7.5],
			"to": [9, 4.625, 9],
			"rotation": {"angle": 0, "axis": "y", "origin": [15.5, 12, 15.5]},
			"faces": {
				"north": {"uv": [0, 5, 1, 6], "texture": "#1"},
				"east": {"uv": [0, 5, 1, 6], "texture": "#1"},
				"south": {"uv": [0, 5, 1, 6], "texture": "#1"},
				"west": {"uv": [0, 5, 1, 6], "texture": "#1"},
				"up": {"uv": [0, 5, 1, 6], "texture": "#1"},
				"down": {"uv": [0, 5, 1, 6], "texture": "#1"}
			}
		},
		{
			"from": [6.25, 4, 6.25],
			"to": [10.25, 4.25, 10.25],
			"rotation": {"angle": 0, "axis": "y", "origin": [16.25, 12, 15.25]},
			"faces": {
				"north": {"uv": [1, 5, 2, 6], "texture": "#1"},
				"east": {"uv": [1, 5, 2, 6], "texture": "#1"},
				"south": {"uv": [1, 5, 2, 6], "texture": "#1"},
				"west": {"uv": [1, 5, 2, 6], "texture": "#1"},
				"up": {"uv": [1, 5, 2, 6], "texture": "#1"},
				"down": {"uv": [1, 5, 2, 6], "texture": "#1"}
			}
		},
		{
			"from": [5.25, 1, 5.25],
			"to": [11.25, 1.25, 11.25],
			"rotation": {"angle": 0, "axis": "y", "origin": [15.25, 9, 14.25]},
			"faces": {
				"north": {"uv": [1, 5, 2, 6], "texture": "#1"},
				"east": {"uv": [1, 5, 2, 6], "texture": "#1"},
				"south": {"uv": [1, 5, 2, 6], "texture": "#1"},
				"west": {"uv": [1, 5, 2, 6], "texture": "#1"},
				"up": {"uv": [1, 5, 2, 6], "texture": "#1"},
				"down": {"uv": [1, 5, 2, 6], "texture": "#1"}
			}
		},
		{
			"from": [5.75, 4, 6.25],
			"to": [6, 4.25, 6.5],
			"rotation": {"angle": 0, "axis": "y", "origin": [6.25, 4.5, 6.75]},
			"faces": {
				"north": {"uv": [1, 5, 2, 6], "texture": "#1"},
				"east": {"uv": [1, 5, 2, 6], "texture": "#1"},
				"south": {"uv": [1, 5, 2, 6], "texture": "#1"},
				"west": {"uv": [1, 5, 2, 6], "texture": "#1"},
				"up": {"uv": [1, 5, 2, 6], "texture": "#1"},
				"down": {"uv": [1, 5, 2, 6], "texture": "#1"}
			}
		},
		{
			"from": [5.25, 3, 7.25],
			"to": [5.5, 3.25, 7.75],
			"rotation": {"angle": 0, "axis": "y", "origin": [5.75, 3.5, 8]},
			"faces": {
				"north": {"uv": [1, 5, 2, 6], "texture": "#1"},
				"east": {"uv": [1, 5, 2, 6], "texture": "#1"},
				"south": {"uv": [1, 5, 2, 6], "texture": "#1"},
				"west": {"uv": [1, 5, 2, 6], "texture": "#1"},
				"up": {"uv": [1, 5, 2, 6], "texture": "#1"},
				"down": {"uv": [1, 5, 2, 6], "texture": "#1"}
			}
		},
		{
			"from": [10.25, 4, 9.25],
			"to": [10.75, 4.25, 9.75],
			"rotation": {"angle": 0, "axis": "y", "origin": [11, 4.5, 9.75]},
			"faces": {
				"north": {"uv": [1, 5, 2, 6], "texture": "#1"},
				"east": {"uv": [1, 5, 2, 6], "texture": "#1"},
				"south": {"uv": [1, 5, 2, 6], "texture": "#1"},
				"west": {"uv": [1, 5, 2, 6], "texture": "#1"},
				"up": {"uv": [1, 5, 2, 6], "texture": "#1"},
				"down": {"uv": [1, 5, 2, 6], "texture": "#1"}
			}
		},
		{
			"from": [5.5, 3, 7.5],
			"to": [5.75, 4, 8],
			"rotation": {"angle": 0, "axis": "y", "origin": [6, 3.5, 8]},
			"faces": {
				"north": {"uv": [1, 5, 2, 6], "texture": "#1"},
				"east": {"uv": [1, 5, 2, 6], "texture": "#1"},
				"south": {"uv": [1, 5, 2, 6], "texture": "#1"},
				"west": {"uv": [1, 5, 2, 6], "texture": "#1"},
				"up": {"uv": [1, 5, 2, 6], "texture": "#1"},
				"down": {"uv": [1, 5, 2, 6], "texture": "#1"}
			}
		},
		{
			"from": [5, 1.25, 7],
			"to": [5.25, 3, 7.5],
			"rotation": {"angle": 0, "axis": "y", "origin": [5.5, 2.5, 7.5]},
			"faces": {
				"north": {"uv": [1, 5, 2, 6], "texture": "#1"},
				"east": {"uv": [1, 5, 2, 6], "texture": "#1"},
				"south": {"uv": [1, 5, 2, 6], "texture": "#1"},
				"west": {"uv": [1, 5, 2, 6], "texture": "#1"},
				"up": {"uv": [1, 5, 2, 6], "texture": "#1"},
				"down": {"uv": [1, 5, 2, 6], "texture": "#1"}
			}
		},
		{
			"from": [5.75, 4, 7.25],
			"to": [6.25, 4.25, 8],
			"rotation": {"angle": 0, "axis": "y", "origin": [6.25, 4.5, 7.75]},
			"faces": {
				"north": {"uv": [1, 5, 2, 6], "texture": "#1"},
				"east": {"uv": [1, 5, 2, 6], "texture": "#1"},
				"south": {"uv": [1, 5, 2, 6], "texture": "#1"},
				"west": {"uv": [1, 5, 2, 6], "texture": "#1"},
				"up": {"uv": [1, 5, 2, 6], "texture": "#1"},
				"down": {"uv": [1, 5, 2, 6], "texture": "#1"}
			}
		},
		{
			"from": [5.75, 4, 9.25],
			"to": [6.25, 4.25, 9.75],
			"rotation": {"angle": 0, "axis": "y", "origin": [6.25, 4.5, 10]},
			"faces": {
				"north": {"uv": [1, 5, 2, 6], "texture": "#1"},
				"east": {"uv": [1, 5, 2, 6], "texture": "#1"},
				"south": {"uv": [1, 5, 2, 6], "texture": "#1"},
				"west": {"uv": [1, 5, 2, 6], "texture": "#1"},
				"up": {"uv": [1, 5, 2, 6], "texture": "#1"},
				"down": {"uv": [1, 5, 2, 6], "texture": "#1"}
			}
		},
		{
			"from": [7.5, 4, 10.25],
			"to": [8.75, 4.25, 10.75],
			"rotation": {"angle": 0, "axis": "y", "origin": [8.5, 4.5, 10.75]},
			"faces": {
				"north": {"uv": [1, 5, 2, 6], "texture": "#1"},
				"east": {"uv": [1, 5, 2, 6], "texture": "#1"},
				"south": {"uv": [1, 5, 2, 6], "texture": "#1"},
				"west": {"uv": [1, 5, 2, 6], "texture": "#1"},
				"up": {"uv": [1, 5, 2, 6], "texture": "#1"},
				"down": {"uv": [1, 5, 2, 6], "texture": "#1"}
			}
		},
		{
			"from": [8.25, 4, 5.75],
			"to": [9.5, 4.25, 6.25],
			"rotation": {"angle": 0, "axis": "y", "origin": [9.25, 4.5, 6.25]},
			"faces": {
				"north": {"uv": [1, 5, 2, 6], "texture": "#1"},
				"east": {"uv": [1, 5, 2, 6], "texture": "#1"},
				"south": {"uv": [1, 5, 2, 6], "texture": "#1"},
				"west": {"uv": [1, 5, 2, 6], "texture": "#1"},
				"up": {"uv": [1, 5, 2, 6], "texture": "#1"},
				"down": {"uv": [1, 5, 2, 6], "texture": "#1"}
			}
		},
		{
			"from": [6.5, 4, 5.75],
			"to": [7.25, 4.25, 6.25],
			"rotation": {"angle": 0, "axis": "y", "origin": [7.5, 4.5, 6.25]},
			"faces": {
				"north": {"uv": [1, 5, 2, 6], "texture": "#1"},
				"east": {"uv": [1, 5, 2, 6], "texture": "#1"},
				"south": {"uv": [1, 5, 2, 6], "texture": "#1"},
				"west": {"uv": [1, 5, 2, 6], "texture": "#1"},
				"up": {"uv": [1, 5, 2, 6], "texture": "#1"},
				"down": {"uv": [1, 5, 2, 6], "texture": "#1"}
			}
		},
		{
			"from": [8.75, 2.5, 5.5],
			"to": [9.5, 4, 5.75],
			"rotation": {"angle": 0, "axis": "y", "origin": [9.25, 4.25, 5.75]},
			"faces": {
				"north": {"uv": [1, 5, 2, 6], "texture": "#1"},
				"east": {"uv": [1, 5, 2, 6], "texture": "#1"},
				"south": {"uv": [1, 5, 2, 6], "texture": "#1"},
				"west": {"uv": [1, 5, 2, 6], "texture": "#1"},
				"up": {"uv": [1, 5, 2, 6], "texture": "#1"},
				"down": {"uv": [1, 5, 2, 6], "texture": "#1"}
			}
		},
		{
			"from": [6.75, 1.75, 5.5],
			"to": [7.25, 4, 5.75],
			"rotation": {"angle": 0, "axis": "y", "origin": [7.25, 4.25, 5.75]},
			"faces": {
				"north": {"uv": [1, 5, 2, 6], "texture": "#1"},
				"east": {"uv": [1, 5, 2, 6], "texture": "#1"},
				"south": {"uv": [1, 5, 2, 6], "texture": "#1"},
				"west": {"uv": [1, 5, 2, 6], "texture": "#1"},
				"up": {"uv": [1, 5, 2, 6], "texture": "#1"},
				"down": {"uv": [1, 5, 2, 6], "texture": "#1"}
			}
		},
		{
			"from": [10.25, 4, 7],
			"to": [10.75, 4.25, 8],
			"rotation": {"angle": 0, "axis": "y", "origin": [11.25, 4.5, 8]},
			"faces": {
				"north": {"uv": [1, 5, 2, 6], "texture": "#1"},
				"east": {"uv": [1, 5, 2, 6], "texture": "#1"},
				"south": {"uv": [1, 5, 2, 6], "texture": "#1"},
				"west": {"uv": [1, 5, 2, 6], "texture": "#1"},
				"up": {"uv": [1, 5, 2, 6], "texture": "#1"},
				"down": {"uv": [1, 5, 2, 6], "texture": "#1"}
			}
		},
		{
			"from": [10.75, 3, 7.25],
			"to": [11, 4, 8],
			"rotation": {"angle": 0, "axis": "y", "origin": [11.75, 4.25, 8]},
			"faces": {
				"north": {"uv": [1, 5, 2, 6], "texture": "#1"},
				"east": {"uv": [1, 5, 2, 6], "texture": "#1"},
				"south": {"uv": [1, 5, 2, 6], "texture": "#1"},
				"west": {"uv": [1, 5, 2, 6], "texture": "#1"},
				"up": {"uv": [1, 5, 2, 6], "texture": "#1"},
				"down": {"uv": [1, 5, 2, 6], "texture": "#1"}
			}
		},
		{
			"from": [10.25, 2, 7],
			"to": [10.5, 3, 7.75],
			"rotation": {"angle": 0, "axis": "y", "origin": [11.25, 3.25, 7.75]},
			"faces": {
				"north": {"uv": [1, 5, 2, 6], "texture": "#1"},
				"east": {"uv": [1, 5, 2, 6], "texture": "#1"},
				"south": {"uv": [1, 5, 2, 6], "texture": "#1"},
				"west": {"uv": [1, 5, 2, 6], "texture": "#1"},
				"up": {"uv": [1, 5, 2, 6], "texture": "#1"},
				"down": {"uv": [1, 5, 2, 6], "texture": "#1"}
			}
		},
		{
			"from": [10.75, 1.75, 9.5],
			"to": [11, 4, 10],
			"rotation": {"angle": 0, "axis": "y", "origin": [11.75, 4, 10]},
			"faces": {
				"north": {"uv": [1, 5, 2, 6], "texture": "#1"},
				"east": {"uv": [1, 5, 2, 6], "texture": "#1"},
				"south": {"uv": [1, 5, 2, 6], "texture": "#1"},
				"west": {"uv": [1, 5, 2, 6], "texture": "#1"},
				"up": {"uv": [1, 5, 2, 6], "texture": "#1"},
				"down": {"uv": [1, 5, 2, 6], "texture": "#1"}
			}
		},
		{
			"from": [7.25, 3, 10.75],
			"to": [8.25, 4, 11],
			"rotation": {"angle": 0, "axis": "y", "origin": [8.5, 3.75, 11.25]},
			"faces": {
				"north": {"uv": [1, 5, 2, 6], "texture": "#1"},
				"east": {"uv": [1, 5, 2, 6], "texture": "#1"},
				"south": {"uv": [1, 5, 2, 6], "texture": "#1"},
				"west": {"uv": [1, 5, 2, 6], "texture": "#1"},
				"up": {"uv": [1, 5, 2, 6], "texture": "#1"},
				"down": {"uv": [1, 5, 2, 6], "texture": "#1"}
			}
		},
		{
			"from": [9.25, 3.75, 10.75],
			"to": [9.75, 4, 11],
			"rotation": {"angle": 0, "axis": "y", "origin": [10.5, 3.75, 11.25]},
			"faces": {
				"north": {"uv": [1, 5, 2, 6], "texture": "#1"},
				"east": {"uv": [1, 5, 2, 6], "texture": "#1"},
				"south": {"uv": [1, 5, 2, 6], "texture": "#1"},
				"west": {"uv": [1, 5, 2, 6], "texture": "#1"},
				"up": {"uv": [1, 5, 2, 6], "texture": "#1"},
				"down": {"uv": [1, 5, 2, 6], "texture": "#1"}
			}
		},
		{
			"from": [8, 1.25, 11],
			"to": [9, 3, 11.25],
			"rotation": {"angle": 0, "axis": "y", "origin": [9, 2.75, 11.5]},
			"faces": {
				"north": {"uv": [1, 5, 2, 6], "texture": "#1"},
				"east": {"uv": [1, 5, 2, 6], "texture": "#1"},
				"south": {"uv": [1, 5, 2, 6], "texture": "#1"},
				"west": {"uv": [1, 5, 2, 6], "texture": "#1"},
				"up": {"uv": [1, 5, 2, 6], "texture": "#1"},
				"down": {"uv": [1, 5, 2, 6], "texture": "#1"}
			}
		},
		{
			"from": [5.5, 3, 9.5],
			"to": [5.75, 4, 10],
			"rotation": {"angle": 0, "axis": "y", "origin": [5.75, 3.5, 10]},
			"faces": {
				"north": {"uv": [1, 5, 2, 6], "texture": "#1"},
				"east": {"uv": [1, 5, 2, 6], "texture": "#1"},
				"south": {"uv": [1, 5, 2, 6], "texture": "#1"},
				"west": {"uv": [1, 5, 2, 6], "texture": "#1"},
				"up": {"uv": [1, 5, 2, 6], "texture": "#1"},
				"down": {"uv": [1, 5, 2, 6], "texture": "#1"}
			}
		},
		{
			"from": [4.5, 1, 3.25],
			"to": [5.75, 2.25, 4.5],
			"rotation": {"angle": -45, "axis": "y", "origin": [4.8125, 1.5, 4.1875]},
			"faces": {
				"north": {"uv": [0, 6, 5, 11], "texture": "#1"},
				"east": {"uv": [0, 6, 5, 11], "texture": "#1"},
				"south": {"uv": [0, 6, 5, 11], "texture": "#1"},
				"west": {"uv": [0, 6, 5, 11], "texture": "#1"},
				"up": {"uv": [0, 6, 5, 11], "texture": "#1"},
				"down": {"uv": [0, 6, 5, 11], "texture": "#1"}
			}
		},
		{
			"from": [4, 1, 4.5],
			"to": [5, 2, 5.5],
			"rotation": {"angle": -22.5, "axis": "y", "origin": [4.5625, 1.5, 4.4375]},
			"faces": {
				"north": {"uv": [0, 6, 5, 11], "texture": "#1"},
				"east": {"uv": [0, 6, 5, 11], "texture": "#1"},
				"south": {"uv": [0, 6, 5, 11], "texture": "#1"},
				"west": {"uv": [0, 6, 5, 11], "texture": "#1"},
				"up": {"uv": [0, 6, 5, 11], "texture": "#1"},
				"down": {"uv": [0, 6, 5, 11], "texture": "#1"}
			}
		},
		{
			"from": [4, 1.75, 0.75],
			"to": [5.5, 1.75, 3.75],
			"rotation": {"angle": 22.5, "axis": "x", "origin": [4.5, 1.8125, 1.75]},
			"faces": {
				"north": {"uv": [0, 0, 1, 0], "texture": "#missing"},
				"east": {"uv": [0, 0, 2, 0], "texture": "#missing"},
				"south": {"uv": [0, 0, 1, 0], "texture": "#missing"},
				"west": {"uv": [0, 0, 2, 0], "texture": "#missing"},
				"up": {"uv": [5, 6, 10, 16], "texture": "#1"},
				"down": {"uv": [5, 6, 10, 16], "rotation": 180, "texture": "#1"}
			}
		},
		{
			"from": [1.75, 1.75, 3],
			"to": [4.75, 1.75, 4.5],
			"rotation": {"angle": -22.5, "axis": "z", "origin": [2.75, 1.75, 3.5]},
			"faces": {
				"north": {"uv": [0, 0, 2, 0], "texture": "#missing"},
				"east": {"uv": [0, 0, 1, 0], "texture": "#missing"},
				"south": {"uv": [0, 0, 2, 0], "texture": "#missing"},
				"west": {"uv": [0, 0, 1, 0], "texture": "#missing"},
				"up": {"uv": [5, 6, 10, 16], "rotation": 270, "texture": "#1"},
				"down": {"uv": [5, 6, 10, 16], "rotation": 270, "texture": "#1"}
			}
		}
	],
	"display": {
		"thirdperson_righthand": {
			"translation": [0, 2.5, -3.25],
			"scale": [0.7, 0.7, 0.7]
		},
		"thirdperson_lefthand": {
			"translation": [0, 2.5, -3.25],
			"scale": [0.7, 0.7, 0.7]
		},
		"firstperson_righthand": {
			"rotation": [10, -30, 0],
			"translation": [0, 10.75, 2]
		},
		"firstperson_lefthand": {
			"rotation": [10, -30, 0],
			"translation": [0, 10.75, 2]
		},
		"ground": {
			"translation": [0, 4, 0]
		},
		"gui": {
			"rotation": [45, 135, 0],
			"translation": [0, 4, 0],
			"scale": [1.1, 1.1, 1.1]
		},
		"head": {
			"translation": [0, 15.1, 0],
			"scale": [1.25, 1.25, 1.25]
		},
		"fixed": {
			"rotation": [-90, 0, 0],
			"translation": [0, 0, -16],
			"scale": [2, 2, 2]
		}
	}
}