{
	"credit": "Made with Blockbench",
	"textures": {
		"0": "item/food_plate",
		"particle": "item/food_plate"
	},
	"elements": [
		{
			"from": [5, 0, 5],
			"to": [11, 0.5, 11],
			"rotation": {"angle": 0, "axis": "y", "origin": [8, 0.25, 8]},
			"faces": {
				"north": {"uv": [0, 0, 1, 1], "texture": "#0"},
				"east": {"uv": [0, 0, 1, 1], "texture": "#0"},
				"south": {"uv": [0, 0, 1, 1], "texture": "#0"},
				"west": {"uv": [0, 0, 1, 1], "texture": "#0"},
				"up": {"uv": [10, 10, 16, 16], "texture": "#0"},
				"down": {"uv": [10, 10, 16, 16], "texture": "#0"}
			}
		},
		{
			"from": [3, 0.5, 3],
			"to": [13, 1, 13],
			"rotation": {"angle": 0, "axis": "y", "origin": [8, 0.5, 8]},
			"faces": {
				"north": {"uv": [0, 0, 1, 1], "texture": "#0"},
				"east": {"uv": [0, 0, 1, 1], "texture": "#0"},
				"south": {"uv": [0, 0, 1, 1], "texture": "#0"},
				"west": {"uv": [0, 0, 1, 1], "texture": "#0"},
				"up": {"uv": [0, 0, 10, 10], "texture": "#0"},
				"down": {"uv": [0, 0, 10, 10], "texture": "#0"}
			}
		}
	],
	"display": {
		"thirdperson_righthand": {
			"translation": [0, 5.5, 0],
			"scale": [0.7, 0.7, 0.7]
		},
		"thirdperson_lefthand": {
			"translation": [0, 5.5, 0],
			"scale": [0.7, 0.7, 0.7]
		},
		"firstperson_righthand": {
			"translation": [0, 10.75, 0]
		},
		"firstperson_lefthand": {
			"translation": [0, 10.75, 0]
		},
		"head": {
			"translation": [0, 14.5, 0]
		}
	}
}